user_id,name,email,password
1,Aniket,Aniket@gmail.com,p252h
2,Khushboo,Khushboo@gmail.com,hxn9b
3,Vartika,Vartika@gmail.com,9hu7j
4,Khushboo,Khushboo@yahoo.com,lkko3
5,Nutan,Nutan@yahoo.com,3i7qm
6,Anupama,Anupama@gmail.com,46rdw2
7,Rishabh,Rishabh@yahoo.com,4sw123
8,Khushboo,Khushboo@gmail.com,casfr477
9,Ritika,Ritika@gmail.com,gegt44er
10,Raghav,Raghav@yahoo.com,f4t52441we
11,Neha,Neha@gmail.com,fw544rew
12,Vartika,Vartika@gmail.com,fwee3513
13,Rishi,Rishi@yahoo.com,we455ewe
14,Raju,Raju@gmail.com,we3r546b
15,Jyoti,Jyoti@yahoo.com,fr5f34f1v
16,Manisha,Manisha@gmail.com,54gf1ergv
17,Nishita,Nishita@gmail.com,235f1wefd
18,J.K. Singh,JSingh@gmail.com,w2gr35g1
19,Salina,Salina@gmail.com,fwe5fe1e
20,Metree,Metree@gmail.com,fwe5fffrg
21,John,John@yahoo.com,werwq51
22,Dimpal,Dimpal@yahoo.com,we4r513r1
23,Loretta Schultz,Loretta@yahoo.com,tyhuh54t
24,Cody Daniels,Cody@gmail.com,ertgt4655
25,Ember Watts,Ember@gmail.com,gt5546532
26,Dakota Colon,Dakota@gmail.com,we4r454r
27,Remy Person,Remy@gmail.com,233e3r3r
28,Moses Jimenez,Moses@gmail.com,rwe5r2fw
29,Adeline Conway,Adeline@gmail.com,fer5fsd
30,Orlando Blanchard,Orlando@yahoo.com,d2rf5erer
31,Layne Kim,Layne@yahoo.com,g35rg3ee
32,Roman Welch,Roman@yahoo.com,wer353es
33,Amira McMillan,Amira@yahoo.com,rd3f5erf23
34,Rocky Mills,Rocky@yahoo.com,ere35er3f
35,June Andersen,June@yahoo.com,r353252
36,Alistair Ramsey,Alistair@yahoo.com,4351r3r345
37,Lyric Hughes,Lyric@gmail.com,23qwrdwd1
38,Everett Day,Everett@gmail.com,vfr245ergte
39,Hayden Bond,Hayden@gmail.com,wqrdw22122f
40,Roger Wang,Roger@gmail.com,etf42f1df
41,Kailani Elliott,Kailani@gmail.com,ver5g4r5r
42,Blake Lindsey,Blake@gmail.com,g2er5g3g1d
43,Colette Faulkner,Colette@gmail.com,er5f4r2f00df
44,Jabari Lara,Jabari@gmail.com,gr55r5r33e
45,Heidi Shields,Heidi@gmail.com,er25fr53f5
46,Devon Francis,Devon@gmail.com,ef35efe230
47,Daniella Cordova,Daniella@gmail.com,rt46635
48,Vicente Osborne,Vicente@gmail.com,er5tr22b3
49,Hana Madden,Hana@gmail.com,rtb55ber54
50,Everest Greer,Everest@gmail.com,5r46r21e
