name,Total_Orders
Khushboo,10
Aniket,5
Vartika,5
Nutan,5
Anupama,0
Rishabh,0
Ritika,0
Raghav,0
Neha,0
Rishi,0
Raju,0
Jyoti,0
Manisha,0
Nishita,0
"J.K. Singh",0
Salina,0
Metree,0
John,0
Dimpal,0
"Loretta Schultz",0
"Cody Daniels",0
"Ember Watts",0
"Dakota Colon",0
"Remy Person",0
"Moses Jimenez",0
"Adeline Conway",0
"Orlando Blanchard",0
"Layne Kim",0
"Roman Welch",0
"Amira McMillan",0
"Rocky Mills",0
"June Andersen",0
"Alistair Ramsey",0
"Lyric Hughes",0
"Everett Day",0
"Hayden Bond",0
"Roger Wang",0
"Kailani Elliott",0
"Blake Lindsey",0
"Colette Faulkner",0
"Jabari Lara",0
"Heidi Shields",0
"Devon Francis",0
"Daniella Cordova",0
"Vicente Osborne",0
"Hana Madden",0
"Everest Greer",0
